{"": {"CmtGen": {"javascript": {"subject": {"B-Norm": 16.285428099536468, "Rouge-1": 19.080300381334844, "Rouge-2": 12.103056197982443, "Rouge-L": 18.915886198827533, "Meteor": 18.908847664753694}}, "csharp": {"subject": {"B-Norm": 18.239850540630215, "Rouge-1": 19.50743579827528, "Rouge-2": 14.73523438198567, "Rouge-L": 19.414946636160547, "Meteor": 20.296016677992583}}, "python": {"subject": {"B-Norm": 11.101206730555, "Rouge-1": 13.112280331914311, "Rouge-2": 7.510296958610117, "Rouge-L": 13.007942730829761, "Meteor": 15.132343298682748}}, "cpp": {"subject": {"B-Norm": 11.612693965850765, "Rouge-1": 13.616716527805957, "Rouge-2": 8.368771747286692, "Rouge-L": 13.569193308425048, "Meteor": 14.636854434107999}}, "java": {"subject": {"B-Norm": 12.358109401910035, "Rouge-1": 13.032209720213855, "Rouge-2": 6.21544211541359, "Rouge-L": 12.911432110998517, "Meteor": 14.120293156622928}}}, "NMT": {"javascript": {"subject": {"B-Norm": 16.071815984628653, "Rouge-1": 19.806969357869615, "Rouge-2": 12.560504141857976, "Rouge-L": 19.588939468824396, "Meteor": 19.63954028230815}}, "csharp": {"subject": {"B-Norm": 17.368936896139747, "Rouge-1": 20.15883274047097, "Rouge-2": 14.824863049747227, "Rouge-L": 20.065593395156377, "Meteor": 19.853884953282037}}, "python": {"subject": {"B-Norm": 11.524932975085564, "Rouge-1": 14.567290054798182, "Rouge-2": 8.262291408930453, "Rouge-L": 14.41727916857212, "Meteor": 16.365426006766015}}, "cpp": {"subject": {"B-Norm": 11.593685041160061, "Rouge-1": 14.163960998565239, "Rouge-2": 8.213649971762829, "Rouge-L": 14.087364391464547, "Meteor": 14.780467806548344}}, "java": {"subject": {"B-Norm": 13.386793843823606, "Rouge-1": 15.461979830794698, "Rouge-2": 7.777017291226571, "Rouge-L": 15.323466015533912, "Meteor": 15.993014082857753}}}, "NNGen": {"javascript": {"subject": {"B-Norm": 17.118535930390475, "Rouge-1": 21.15456381088474, "Rouge-2": 11.065800471963193, "Rouge-L": 20.43777639835645, "Meteor": 20.95217657033286}}, "csharp": {"subject": {"B-Norm": 22.955121391872513, "Rouge-1": 25.262153216088773, "Rouge-2": 17.569244783978636, "Rouge-L": 24.82687698825836, "Meteor": 26.24188005499322}}, "python": {"subject": {"B-Norm": 16.641205568991015, "Rouge-1": 20.146042838825384, "Rouge-2": 10.346334928776368, "Rouge-L": 19.433305425538897, "Meteor": 20.78588894150513}}, "cpp": {"subject": {"B-Norm": 13.689895127157707, "Rouge-1": 16.806197127502454, "Rouge-2": 8.269854535819922, "Rouge-L": 16.248929719142268, "Meteor": 17.146748627679884}}, "java": {"subject": {"B-Norm": 17.79359986292729, "Rouge-1": 21.47040906813666, "Rouge-2": 11.489663282671199, "Rouge-L": 20.847142322304126, "Meteor": 22.085582635562364}}}, "Ptr-Net": {"javascript": {"subject": {"B-Norm": 18.624093281824276, "Rouge-1": 24.05918530768383, "Rouge-2": 13.908130104146178, "Rouge-L": 23.592877671656044, "Meteor": 23.131141420460498}}, "csharp": {"subject": {"B-Norm": 19.752907409353572, "Rouge-1": 22.345550069967175, "Rouge-2": 14.370094308066708, "Rouge-L": 22.01234821762401, "Meteor": 22.35055502169346}}, "python": {"subject": {"B-Norm": 15.99619018354528, "Rouge-1": 21.376179976624663, "Rouge-2": 9.932597117325956, "Rouge-L": 20.74394262130737, "Meteor": 21.142673718032057}}, "cpp": {"subject": {"B-Norm": 13.08689082566021, "Rouge-1": 17.536258562900635, "Rouge-2": 7.72598887371116, "Rouge-L": 17.09340568675896, "Meteor": 16.87006836115994}}, "java": {"subject": {"B-Norm": 15.329994374910733, "Rouge-1": 19.08862738811216, "Rouge-2": 8.325585057180842, "Rouge-L": 18.632541025334177, "Meteor": 19.129298374446964}}}, "CoRec": {"javascript": {"subject": {"B-Norm": 18.864199231750483, "Rouge-1": 22.76376537493094, "Rouge-2": 14.833765980132863, "Rouge-L": 22.467179534876294, "Meteor": 22.39729481681217}}, "csharp": {"subject": {"B-Norm": 22.288496765192612, "Rouge-1": 25.128681282619464, "Rouge-2": 18.639774063329366, "Rouge-L": 24.920712229763005, "Meteor": 25.434476929312293}}, "python": {"subject": {"B-Norm": 15.131892517323335, "Rouge-1": 19.131484125897078, "Rouge-2": 10.65223678242633, "Rouge-L": 18.80856626865965, "Meteor": 20.24823016361332}}, "cpp": {"subject": {"B-Norm": 13.825304379685916, "Rouge-1": 16.833620757548154, "Rouge-2": 9.839750804229428, "Rouge-L": 16.650891797226922, "Meteor": 17.429518783770863}}, "java": {"subject": {"B-Norm": 16.088700183368577, "Rouge-1": 18.943897851805733, "Rouge-2": 10.19749036857897, "Rouge-L": 18.659422238753397, "Meteor": 19.574330753674417}}}, "KADEL": {"javascript": {"subject": {"B-Norm": 22.8594229672205, "Rouge-1": 28.46552415821758, "Rouge-2": 17.0766539899719, "Rouge-L": 27.772254443553717, "Meteor": 26.34886260195446}}, "csharp": {"subject": {"B-Norm": 24.715816254387835, "Rouge-1": 28.182155936817963, "Rouge-2": 19.505032865575885, "Rouge-L": 27.746999125674897, "Meteor": 26.930312623657475}}, "python": {"subject": {"B-Norm": 19.99320314325669, "Rouge-1": 26.318111588503896, "Rouge-2": 14.23773440726811, "Rouge-L": 25.46204057099773, "Meteor": 23.949328250467033}}, "cpp": {"subject": {"B-Norm": 18.21277041463216, "Rouge-1": 23.281295413031007, "Rouge-2": 12.737443687097663, "Rouge-L": 22.719733496759993, "Meteor": 20.854063665579787}}, "java": {"subject": {"B-Norm": 19.788838899733594, "Rouge-1": 23.836681149003542, "Rouge-2": 12.810883750869623, "Rouge-L": 23.280221684856777, "Meteor": 22.28202405328671}}}}, "split_time": {"CmtGen": {"javascript": {"subject": {"B-Norm": 8.717849759708795, "Rouge-1": 11.77990704142764, "Rouge-2": 6.006809278531253, "Rouge-L": 11.566998178095215, "Meteor": 10.981178465212226}}, "csharp": {"subject": {"B-Norm": 4.732771960876743, "Rouge-1": 7.401259821591588, "Rouge-2": 4.096622010166319, "Rouge-L": 7.368061040696998, "Meteor": 6.243963068174103}}, "python": {"subject": {"B-Norm": 5.614188868966496, "Rouge-1": 7.755350956202312, "Rouge-2": 4.774919843477318, "Rouge-L": 7.733572422201066, "Meteor": 6.839393030377631}}, "cpp": {"subject": {"B-Norm": 7.16762636454142, "Rouge-1": 9.949657273195156, "Rouge-2": 6.303132972629369, "Rouge-L": 9.917826471723826, "Meteor": 9.078496690775225}}, "java": {"subject": {"B-Norm": 8.13985257756774, "Rouge-1": 8.854788410132624, "Rouge-2": 4.080305975102371, "Rouge-L": 8.786085595664387, "Meteor": 9.29909265746017}}}, "NMT": {"javascript": {"subject": {"B-Norm": 12.015778430969982, "Rouge-1": 15.14182039242447, "Rouge-2": 8.556667982571597, "Rouge-L": 15.030271242039085, "Meteor": 16.081822974484037}}, "csharp": {"subject": {"B-Norm": 5.360446861976401, "Rouge-1": 8.786000043104583, "Rouge-2": 2.4959240962543587, "Rouge-L": 8.77206733305706, "Meteor": 8.11146734637323}}, "python": {"subject": {"B-Norm": 7.336716568636837, "Rouge-1": 8.571741857576283, "Rouge-2": 5.1937201396374215, "Rouge-L": 8.543704019663487, "Meteor": 11.215732717171}}, "cpp": {"subject": {"B-Norm": 8.537783423996649, "Rouge-1": 10.649125033414817, "Rouge-2": 5.872757165906412, "Rouge-L": 10.627366065808298, "Meteor": 11.130271520397633}}, "java": {"subject": {"B-Norm": 9.54573974252211, "Rouge-1": 11.243300095393314, "Rouge-2": 4.776753559441152, "Rouge-L": 11.162056636865461, "Meteor": 13.944272919996456}}}, "NNGen": {"javascript": {"subject": {"B-Norm": 11.432677476218508, "Rouge-1": 12.767458533858852, "Rouge-2": 5.233665819689117, "Rouge-L": 12.30629527720818, "Meteor": 16.00801221087636}}, "csharp": {"subject": {"B-Norm": 8.080546428408644, "Rouge-1": 9.139797461647687, "Rouge-2": 3.7002299978233513, "Rouge-L": 8.948232717318929, "Meteor": 10.84382799527365}}, "python": {"subject": {"B-Norm": 9.324531343568928, "Rouge-1": 10.16979747246462, "Rouge-2": 2.934837920387716, "Rouge-L": 9.791133680013676, "Meteor": 13.783804163670336}}, "cpp": {"subject": {"B-Norm": 9.318192633318858, "Rouge-1": 10.862050820815433, "Rouge-2": 4.547439483699136, "Rouge-L": 10.56714051585584, "Meteor": 12.279705815126043}}, "java": {"subject": {"B-Norm": 10.766780353464243, "Rouge-1": 12.00376002362108, "Rouge-2": 4.232602749217349, "Rouge-L": 11.607612943809857,