{"": {"CmtGen": {"javascript": {"subject": {"B-Norm": 28.919135011984178, "Rouge-1": 30.83452229623167, "Rouge-2": 18.387076842298043, "Rouge-L": 30.531001156956506, "Meteor": 36.97280121733995}}, "csharp": {"subject": {"B-Norm": 6.251401854974336, "Rouge-1": 7.530663384870078, "Rouge-2": 2.649265361129768, "Rouge-L": 7.423707681930587, "Meteor": 5.858577161967062}}, "python": {"subject": {"B-Norm": 11.425071389858587, "Rouge-1": 13.064296190575247, "Rouge-2": 2.626095655756673, "Rouge-L": 12.73819573735615, "Meteor": 19.525298543515948}}, "cpp": {"subject": {"B-Norm": 6.71894290809463, "Rouge-1": 8.071241408955046, "Rouge-2": 1.8596200856942142, "Rouge-L": 7.9925641700344, "Meteor": 10.56620235019152}}, "java": {"subject": {"B-Norm": 19.770219662456377, "Rouge-1": 21.71911723060493, "Rouge-2": 10.275798428533205, "Rouge-L": 21.71911723060493, "Meteor": 24.293803972324405}}}, "NMT": {"javascript": {"subject": {"B-Norm": 27.494627554021424, "Rouge-1": 30.82587471732498, "Rouge-2": 18.335499259532522, "Rouge-L": 30.37427899107089, "Meteor": 36.539703738297085}}, "csharp": {"subject": {"B-Norm": 10.922368300406177, "Rouge-1": 14.00996686277119, "Rouge-2": 4.4347956891073155, "Rouge-L": 13.677316677898824, "Meteor": 13.665369327795752}}, "python": {"subject": {"B-Norm": 11.34068603223382, "Rouge-1": 13.59472059893108, "Rouge-2": 2.5693001839562157, "Rouge-L": 13.004511505153744, "Meteor": 20.870187663807453}}, "cpp": {"subject": {"B-Norm": 6.732667463117871, "Rouge-1": 7.155964243807149, "Rouge-2": 1.4300868062623548, "Rouge-L": 7.035489721709907, "Meteor": 10.366627117810069}}, "java": {"subject": {"B-Norm": 14.01325821861798, "Rouge-1": 18.551447213270368, "Rouge-2": 9.12192396848309, "Rouge-L": 18.311263420454996, "Meteor": 18.399422585275065}}}, "NNGen": {"javascript": {"subject": {"B-Norm": 27.38906066364749, "Rouge-1": 30.442092745830816, "Rouge-2": 17.213862319776936, "Rouge-L": 29.836076014873903, "Meteor": 38.00413040218793}}, "csharp": {"subject": {"B-Norm": 17.458060664385307, "Rouge-1": 21.53471465272314, "Rouge-2": 8.734077091255555, "Rouge-L": 20.758067747675778, "Meteor": 23.479508360497377}}, "python": {"subject": {"B-Norm": 16.78201420398196, "Rouge-1": 21.366001052060152, "Rouge-2": 7.626353357121579, "Rouge-L": 20.407292097444753, "Meteor": 28.26517301541936}}, "cpp": {"subject": {"B-Norm": 13.885243235001099, "Rouge-1": 17.198134645087823, "Rouge-2": 6.7377418420395445, "Rouge-L": 16.52682643070306, "Meteor": 21.868023645271933}}, "java": {"subject": {"B-Norm": 23.032426119630493, "Rouge-1": 26.948312183870527, "Rouge-2": 14.762478961377964, "Rouge-L": 26.696994865428874, "Meteor": 29.848614978862408}}}, "Ptr-Net": {"javascript": {"subject": {"B-Norm": 29.53493555699162, "Rouge-1": 35.94439342480234, "Rouge-2": 20.109211769004077, "Rouge-L": 35.006801320068554, "Meteor": 39.91555061051974}}, "csharp": {"subject": {"B-Norm": 15.900607415512798, "Rouge-1": 19.721154894578234, "Rouge-2": 5.847644326085813, "Rouge-L": 19.10664657425571, "Meteor": 20.278256535516082}}, "python": {"subject": {"B-Norm": 15.473802747195915, "Rouge-1": 23.64146832316667, "Rouge-2": 6.863368607618124, "Rouge-L": 22.693114435144942, "Meteor": 26.395311686205037}}, "cpp": {"subject": {"B-Norm": 10.216761641513724, "Rouge-1": 16.54901994415866, "Rouge-2": 3.310975311276174, "Rouge-L": 15.786016472746764, "Meteor": 15.508089045178894}}, "java": {"subject": {"B-Norm": 15.172613988706985, "Rouge-1": 20.50576036767802, "Rouge-2": 7.5344518765571395, "Rouge-L": 20.13258416116848, "Meteor": 18.911331406976363}}}, "CoRec": {"javascript": {"subject": {"B-Norm": 29.880488185626117, "Rouge-1": 33.07883727819303, "Rouge-2": 20.384117309750817, "Rouge-L": 32.61708358644057, "Meteor": 38.78019582434528}}, "csharp": {"subject": {"B-Norm": 14.82551765493537, "Rouge-1": 18.32957362734467, "Rouge-2": 7.9614289159688045, "Rouge-L": 17.934873527465374, "Meteor": 18.574206374000667}}, "python": {"subject": {"B-Norm": 15.275032698719913, "Rouge-1": 20.206559259691627, "Rouge-2": 5.692228867999041, "Rouge-L": 19.476523587360415, "Meteor": 25.39262915838979}}, "cpp": {"subject": {"B-Norm": 9.993848686562774, "Rouge-1": 12.1268346142109, "Rouge-2": 3.0328661851804024, "Rouge-L": 11.871925561127403, "Meteor": 16.350443317788912}}, "java": {"subject": {"B-Norm": 16.473707185733012, "Rouge-1": 20.55044271042172, "Rouge-2": 9.30948680948681, "Rouge-L": 20.144505840957613, "Meteor": 22.02246280169071}}}, "KADEL": {"javascript": {"subject": {"B-Norm": 38.280960285273, "Rouge-1": 44.13534754386318, "Rouge-2": 26.91764511664303, "Rouge-L": 43.26228192107252, "Meteor": 51.283898020448746}}, "csharp": {"subject": {"B-Norm": 24.945433429123366, "Rouge-1": 31.211951700864454, "Rouge-2": 13.541064012823792, "Rouge-L": 30.671507921387775, "Meteor": 36.2984404621066}}, "python": {"subject": {"B-Norm": 22.611518647154362, "Rouge-1": 35.16431555278496, "Rouge-2": 14.33050581320246, "Rouge-L": 34.045318940317394, "Meteor": 39.12806622737299}}, "cpp": {"subject": {"B-Norm": 16.937593839452767, "Rouge-1": 26.349588242264723, "Rouge-2": 7.958663746855704, "Rouge-L": 25.66347766707547, "Meteor": 31.077250632459517}}, "java": {"subject": {"B-Norm": 25.267409738547084, "Rouge-1": 32.374496554318775, "Rouge-2": 16.33938526029266, "Rouge-L": 32.01712163554035, "Meteor": 34.202162353225575}}}}, "split_time": {"CmtGen": {"javascript": {"subject": {"B-Norm": 9.687174202917918, "Rouge-1": 14.098101988112235, "Rouge-2": 7.006142073283995, "Rouge-L": 13.937397341690907, "Meteor": 11.723807826203656}}, "csharp": {"subject": {"B-Norm": 1.261310381200802, "Rouge-1": 1.7858137136251693, "Rouge-2": 0.030211480362537763, "Rouge-L": 1.7858137136251693, "Meteor": 1.5169006614541978}}, "python": {"subject": {"B-Norm": 1.6562697287626553, "Rouge-1": 3.1279283025069056, "Rouge-2": 0.15570848904182238, "Rouge-L": 3.0396200175866426, "Meteor": 2.297463098983578}}, "cpp": {"subject": {"B-Norm": 1.5616363716028432, "Rouge-1": 2.980609693005028, "Rouge-2": 0.09976292646747192, "Rouge-L": 2.6025226600884497, "Meteor": 1.624878429506995}}, "java": {"subject": {"B-Norm": 3.1521564371091455, "Rouge-1": 4.727737478645214, "Rouge-2": 0.20930082559339525, "Rouge-L": 4.603986998060823, "Meteor": 3.4670320388141453}}}, "NMT": {"javascript": {"subject": {"B-Norm": 9.855836027908676, "Rouge-1": 12.398930074597786, "Rouge-2": 5.191247579617714, "Rouge-L": 12.11623405605259, "Meteor": 13.406901258724671}}, "csharp": {"subject": {"B-Norm": 1.759039172318621, "Rouge-1": 2.753590402527455, "Rouge-2": 0.01573514602215509, "Rouge-L": 2.742800588112263, "Meteor": 1.369897514782219}}, "python": {"subject": {"B-Norm": 6.381838054491978, "Rouge-1": 4.525262049885934, "Rouge-2": 0.6207403563890018, "Rouge-L": 4.476329664597954, "Meteor": 9.712296799747612}}, "cpp": {"subject": {"B-Norm": 7.66749974993144, "Rouge-1": 8.872403753962912, "Rouge-2": 1.4251464286975652, "Rouge-L": 8.66438497350095, "Meteor": 9.4801547597137}}, "java": {"subject": {"B-Norm": 5.287171557784627, "Rouge-1": 8.880415144684797, "Rouge-2": 2.907091616812638, "Rouge-L": 8.812832964754001, "Meteor": 6.715102621879939}}}, "NNGen": {"javascript": {"subject": {"B-Norm": 14.565491466216931, "Rouge-1": 16.591703015148088, "Rouge-2": 7.263572030050973, "Rouge-L": 16.057098965866405, "Meteor": 20.33379552727274}}, "csharp": {"subject": {"B-Norm": 3.857562993478453, "Rouge-1": 4.439738391580768, "Rouge-2": 0.2304956626519486, "Rouge-L": 4.222702328203279, "Meteor": 4.085302475304595}}, "python": {"subject": {"B-Norm": 10.372665249082436, "Rouge-1": 8.123475282968625, "Rouge-2": 0.9758489641319966, "Rouge-L": 7.709044961676245, "Meteor": 16.61734807141792}}, "cpp": {"subject": {"B-Norm": 8.283415715299814, "Rouge-1": 8.881290172047201, "Rouge-2": 1.1576437127797774, "Rouge-L": 8.461277746393371, "Meteor": 13.185181642480595}}, "java": {"subject": {"B-Norm": 7.335209756678793, "Rouge-1": 9.185548902309357, "Rouge-2": 0.5364825710191992, "Rouge-L": 8.883534419931554,